,City,Lat,Lng,Max Temp,Humidity,Cloudiness,Wind Speed,Country,Date
0,Tautira,-17.73,-149.15,78.8,88,40,5.82,PF,1592510906
1,Guiyang,26.58,106.72,68.0,94,90,2.24,CN,1592510907
2,Hong Kong,22.29,114.16,84.0,74,52,4.0,HK,1592510524
3,Mopti,14.67,-4.0,99.23,28,42,0.63,ML,1592510907
4,Dzhebariki-Khaya,62.22,135.8,60.48,72,97,3.76,RU,1592510907
5,Atuona,-9.8,-139.03,80.06,76,13,12.37,PF,1592510724
6,Clyde River,70.47,-68.59,33.8,88,90,10.29,CA,1592510252
7,Mataura,-46.19,168.86,39.0,83,1,3.0,NZ,1592510723
8,Ulaangom,49.98,92.07,61.68,48,1,5.37,MN,1592510908
9,Port Elizabeth,-33.92,25.57,57.2,82,0,6.93,ZA,1592510625
10,Narsaq,60.92,-46.05,46.4,61,40,9.17,GL,1592510334
11,Mar del Plata,-38.0,-57.56,59.0,82,75,10.29,AR,1592510335
12,Taitung City,22.76,121.14,81.82,64,100,7.07,TW,1592510787
13,Mookane,-23.69,26.66,51.53,47,0,5.06,BW,1592510908
14,Yellowknife,62.46,-114.35,64.99,62,20,16.11,CA,1592510598
15,Bredasdorp,-34.53,20.04,48.2,87,0,4.94,ZA,1592510725
16,Hilo,19.73,-155.09,80.6,65,20,8.43,US,1592510721
17,Rikitea,-23.12,-134.97,76.01,85,100,16.24,PF,1592510334
18,Atar,20.52,-13.05,101.26,15,0,11.32,MR,1592510772
19,Butaritari,3.07,172.79,83.17,60,98,2.26,KI,1592510730
20,Asău,46.43,26.4,62.01,95,46,3.74,RO,1592510733
21,Puerto Ayora,-0.74,-90.35,84.2,51,50,9.17,EC,1592510722
22,Ancud,-41.87,-73.82,51.8,87,75,17.22,CL,1592510739
23,Serebryanyy Bor,56.8,124.8,53.17,84,98,4.18,RU,1592510909
24,Pevek,69.7,170.31,41.09,71,17,8.88,RU,1592510723
25,Hobart,-42.88,147.33,39.99,100,100,4.7,AU,1592510726
26,San Cristobal,7.77,-72.22,84.2,70,75,12.75,VE,1592510724
27,Den Helder,52.96,4.76,63.0,72,90,2.24,NL,1592510910
28,Krasnosel'kup,65.7,82.47,43.36,61,100,16.31,RU,1592510910
29,Busselton,-33.65,115.33,41.0,98,51,3.42,AU,1592510334
30,Ushuaia,-54.8,-68.3,35.6,64,24,7.45,AR,1592510255
31,Camopi,3.17,-52.32,78.75,94,100,3.67,GF,1592510911
32,Port Hawkesbury,45.62,-61.35,87.01,37,1,11.41,CA,1592510890
33,Oruzgan,32.83,66.0,70.95,20,0,5.46,AF,1592510911
34,Kutum,14.2,24.67,80.62,28,49,10.49,SD,1592510911
35,Torbay,47.67,-52.73,68.0,60,90,11.41,CA,1592510737
36,Bluff,-46.6,168.33,39.0,83,0,3.0,NZ,1592510732
37,Dāmghān,36.17,54.35,82.99,23,0,7.18,IR,1592510911
38,Albany,42.6,-73.97,88.0,57,39,1.99,US,1592510333
39,Vila Franca do Campo,37.72,-25.43,64.4,82,75,12.75,PT,1592510771
40,Jalu,29.03,21.55,83.88,23,0,12.08,LY,1592510764
41,Vaini,-21.2,-175.2,69.8,83,20,9.17,TO,1592510335
42,Mount Isa,-20.73,139.5,62.6,72,0,3.36,AU,1592510729
43,Hermanus,-34.42,19.23,62.15,51,0,8.39,ZA,1592510720
44,Tuktoyaktuk,69.45,-133.04,44.6,93,90,10.29,CA,1592510454
45,Mugumu,-1.85,34.7,61.3,79,50,2.28,TZ,1592510912
46,Quesnel,53.0,-122.5,68.0,45,75,5.82,CA,1592510780
47,Longyearbyen,78.22,15.64,44.6,65,75,8.05,SJ,1592510728
48,Codrington,-38.27,141.97,51.82,74,100,16.91,AU,1592510454
49,Huambo,-12.78,15.74,53.8,55,0,5.17,AO,1592510913
50,Port Alfred,-33.59,26.89,57.99,79,0,5.99,ZA,1592510727
51,Jamestown,42.1,-79.24,80.6,54,75,9.17,US,1592510719
52,Tuatapere,-46.13,167.68,39.0,83,21,3.0,NZ,1592510758
53,Saraland,30.82,-88.07,90.0,55,99,3.31,US,1592510914
54,Jalalabad,34.43,70.45,86.0,28,1,2.24,AF,1592510914
55,Kapaa,22.08,-159.32,78.01,100,90,20.8,US,1592510723
56,Derzhavīnsk,51.1,66.32,55.81,53,87,13.27,KZ,1592510914
57,Cidreira,-30.18,-50.21,70.75,80,89,7.63,BR,1592510729
58,Bethel,41.37,-73.41,80.01,57,40,11.41,US,1592510883
59,Lagoa,39.05,-27.98,64.99,88,0,11.65,PT,1592510438
60,Severo-Kuril'sk,50.68,156.12,42.13,86,87,7.56,RU,1592510735
61,Tallahassee,30.44,-84.28,91.0,35,75,4.7,US,1592510915
62,Lebu,-37.62,-73.65,53.94,91,100,16.62,CL,1592510732
63,Portland,45.52,-122.68,73.0,61,23,1.01,US,1592510585
64,Heze,35.24,115.44,64.06,92,99,2.13,CN,1592510916
65,Cape Town,-33.93,18.42,59.0,58,0,10.29,ZA,1592510334
66,Road Town,18.42,-64.62,87.8,70,40,10.29,VG,1592510528
67,Krasnovishersk,60.41,57.08,40.23,71,0,2.01,RU,1592510916
68,Punta Arenas,-53.15,-70.92,41.0,80,90,12.75,CL,1592510711
69,Altamira,-3.2,-52.21,89.6,55,40,6.93,BR,1592510916
70,Gusinoye Ozero,51.11,106.26,56.5,75,99,3.13,RU,1592510916
71,Chui,-33.7,-53.46,62.67,78,43,13.44,UY,1592510722
72,Basco,20.45,121.97,84.45,83,29,17.0,PH,1592510772
73,Dikson,73.51,80.55,32.56,97,94,17.16,RU,1592510741
74,Nome,64.5,-165.41,59.0,67,1,11.41,US,1592510731
75,Avarua,-21.21,-159.78,73.4,69,61,10.29,CK,1592510585
76,Prieska,-29.66,22.75,50.63,48,0,6.89,ZA,1592510917
77,Kaitangata,-46.28,169.85,42.15,81,25,11.07,NZ,1592510720
78,Neckargemünd,49.39,8.79,73.4,46,0,3.36,DE,1592510918
79,Havøysund,71.0,24.66,44.6,75,75,12.75,NO,1592510918
80,Doha,25.29,51.53,98.6,18,0,13.87,QA,1592510870
81,Qaanaaq,77.48,-69.36,35.71,84,0,1.39,GL,1592510724
82,Hithadhoo,-0.6,73.08,84.63,74,84,7.11,MV,1592510336
83,Ripky,51.8,31.08,65.17,84,100,5.91,UA,1592510918
84,Sur,22.57,59.53,83.48,76,1,14.88,OM,1592510656
85,Villamontes,-21.25,-63.5,80.55,35,0,6.04,BO,1592510919
86,George Town,5.41,100.34,84.2,79,20,3.36,MY,1592510733
87,Florø,61.6,5.03,60.8,87,20,5.82,NO,1592510738
88,Kalemie,-5.95,29.19,69.51,66,36,2.55,CD,1592510919
89,Dunedin,-45.87,170.5,44.01,75,62,10.0,NZ,1592510769
90,Pisco,-13.7,-76.22,68.0,68,75,6.93,PE,1592510915
91,Sungai Penuh,-2.08,101.38,65.23,95,99,1.66,ID,1592510919
92,Tasiilaq,65.61,-37.64,42.8,75,100,47.2,GL,1592510718
93,Saint Paul Harbor,57.79,-152.41,50.0,87,90,10.29,US,1592510719
94,Olafsvik,64.89,-23.71,49.23,74,97,14.23,IS,1592510920
95,Ko Samui,9.54,99.94,83.68,77,95,13.78,TH,1592510920
96,Padang,-0.95,100.35,78.01,78,97,3.6,ID,1592510742
97,Zhigansk,66.77,123.37,62.22,66,32,7.58,RU,1592510741
98,Batagay-Alyta,67.8,130.41,69.19,42,3,1.21,RU,1592510920
99,Castro,-24.79,-50.01,63.64,81,100,5.86,BR,1592510727
100,Norman Wells,65.28,-126.83,73.4,40,75,9.17,CA,1592510726
101,Sault Ste. Marie,46.52,-84.33,84.2,35,1,3.36,CA,1592510921
102,Benghazi,32.12,20.07,75.52,53,0,5.32,LY,1592510921
103,Palmer,42.16,-72.33,86.0,45,40,8.05,US,1592510852
104,Klyuchi,52.27,79.17,57.04,81,100,11.03,RU,1592510921
105,East London,-33.02,27.91,63.99,62,0,14.12,ZA,1592510721
106,Pontianak,-0.03,109.33,75.61,93,98,3.49,ID,1592510922
107,Veinticinco de Mayo,-35.43,-60.17,62.01,52,100,3.0,AR,1592510922
108,Payakumbuh,-0.22,100.63,70.65,90,91,2.35,ID,1592510922
109,Santa Cruz de la Sierra,-17.8,-63.17,86.0,51,40,19.46,BO,1592510794
110,Tokmak,47.25,35.71,67.5,66,0,9.6,UA,1592510922
111,Saldanha,-33.01,17.94,59.0,54,0,4.7,ZA,1592510737
112,Pacific Grove,36.62,-121.92,80.01,33,1,5.82,US,1592510537
113,Provideniya,64.38,-173.3,57.2,62,4,4.47,RU,1592510757
114,Naryan-Mar,67.67,53.09,45.32,58,100,6.13,RU,1592510923
115,Evanston,42.04,-87.69,87.8,29,75,12.75,US,1592510887
116,Chokurdakh,70.63,147.92,77.02,38,71,5.14,RU,1592510762
117,Bintulu,3.17,113.03,77.0,100,75,3.36,MY,1592510923
118,Souillac,-20.52,57.52,71.6,68,75,10.29,MU,1592510779
119,Hofn,64.25,-15.21,49.12,90,78,3.94,IS,1592510739
120,Ahipara,-35.17,173.17,50.0,82,19,6.89,NZ,1592510733
121,Harper,4.38,-7.72,78.44,77,100,4.88,LR,1592510924
122,Turukhansk,65.82,87.98,42.76,87,34,15.88,RU,1592510679
123,Loralai,30.37,68.6,80.76,13,0,4.52,PK,1592510924
124,Bell Ville,-32.63,-62.69,63.0,39,51,2.75,AR,1592510756
125,Port Lincoln,-34.73,135.87,59.68,48,73,19.44,AU,1592510435
126,Alice Town,25.72,-79.3,83.44,71,100,12.62,BS,1592510924
127,Ostrovnoy,68.05,39.51,56.66,63,100,7.96,RU,1592510780
128,Sri Aman,1.24,111.46,77.0,100,100,1.36,MY,1592510924
129,Lata,40.16,-8.33,64.0,77,0,5.1,PT,1592510925
130,Kenai,60.55,-151.26,60.8,55,40,4.7,US,1592510655
131,Umluj,25.02,37.27,83.48,51,0,10.16,SA,1592510925
132,Chany,55.31,76.76,43.84,90,30,10.07,RU,1592510925
133,Zyryanka,65.75,150.85,75.9,35,66,7.47,RU,1592510925
134,Ilulissat,69.22,-51.1,33.8,62,90,6.93,GL,1592510716
135,San Vicente,-26.62,-54.13,71.51,72,54,5.1,AR,1592510926
136,Hirara,24.8,125.28,83.57,85,100,24.27,JP,1592510926
137,Khatanga,71.97,102.5,53.58,56,22,10.22,RU,1592510720
138,Ishigaki,24.34,124.16,83.59,84,100,23.11,JP,1592510926
139,Beringovskiy,63.05,179.32,49.68,55,0,0.63,RU,1592510769
140,Alice Springs,-23.7,133.88,52.0,49,0,4.7,AU,1592510502
141,São Filipe,14.9,-24.5,80.55,63,0,14.97,CV,1592510783
142,Praia da Vitória,38.73,-27.07,71.6,64,20,6.11,PT,1592510733
143,Kuminskiy,58.67,66.57,40.35,69,90,5.35,RU,1592510927
144,Mahibadhoo,3.78,72.97,84.22,73,91,4.38,MV,1592510927
145,Baruun-Urt,46.68,113.28,64.74,59,64,10.69,MN,1592510927
146,Kayseri Province,38.74,35.5,59.0,82,75,8.05,TR,1592510927
147,Yabrūd,33.97,36.66,68.0,56,0,18.34,SY,1592510928
148,Port Hardy,50.7,-127.42,59.0,82,90,4.7,CA,1592510463
149,Livingstone,-17.84,25.85,52.03,60,0,1.21,ZM,1592510928
150,Stornoway,58.21,-6.39,64.0,77,60,9.17,GB,1592510656
151,Upernavik,72.79,-56.15,36.39,81,0,10.78,GL,1592510730
152,Lashio,22.93,97.75,70.02,100,100,1.54,MM,1592510929
153,Togur,58.36,82.83,47.68,96,100,9.78,RU,1592510929
154,Coquimbo,-29.95,-71.34,60.8,67,100,9.17,CL,1592510729
155,Aswān,24.09,32.91,86.81,16,25,14.81,EG,1592510929
156,Volosovo,59.43,29.48,69.8,68,75,6.71,RU,1592510929
157,Fairbanks,64.84,-147.72,72.0,40,1,3.74,US,1592510767
158,Naze,28.37,129.48,78.8,100,20,12.75,JP,1592510760
159,Celestún,20.87,-90.4,87.1,63,3,9.69,MX,1592510733
160,Aripuanã,-9.17,-60.63,87.19,51,58,1.95,BR,1592510930
161,Opuwo,-18.06,13.84,58.39,43,0,8.1,NA,1592510930
162,Marfino,55.7,37.38,75.2,69,2,8.95,RU,1592510930
163,Kakonko,-3.28,30.96,65.8,62,41,2.95,TZ,1592510930
164,Bangkalan,-7.05,112.74,78.91,84,0,5.61,ID,1592510930
165,Brae,60.4,-1.35,51.8,100,23,10.29,GB,1592510722
166,Ponta do Sol,32.67,-17.1,71.6,68,20,10.29,PT,1592510458
167,Caconda,-13.73,15.07,53.4,55,0,4.54,AO,1592510931
168,Voh,-20.97,164.7,69.12,83,100,5.12,NC,1592510931
169,Davila,18.47,120.58,82.31,74,11,3.96,PH,1592510931
170,Myitkyina,25.38,97.4,75.6,96,100,1.79,MM,1592510931
171,Saskylakh,71.92,114.08,64.53,60,3,6.73,RU,1592510754
172,Severobaykal'sk,55.65,109.32,46.65,67,0,4.99,RU,1592510932
173,Coyhaique,-45.58,-72.07,51.8,57,40,5.82,CL,1592510464
174,Alekseyevsk,57.84,108.35,45.57,91,0,3.62,RU,1592510932
175,Pudozh,61.81,36.53,66.09,70,99,7.45,RU,1592510932
176,Nikolskoye,59.7,30.79,69.8,68,75,6.71,RU,1592510335
177,Petauke,-14.24,31.33,55.69,84,17,7.63,ZM,1592510932
178,Terrace,54.52,-128.6,57.2,87,90,6.93,CA,1592510932
179,Kruisfontein,-34.0,24.73,57.79,43,0,6.78,ZA,1592510719
180,Chernyshevskiy,63.01,112.47,55.4,67,100,2.37,RU,1592510933
181,Arraial do Cabo,-22.97,-42.03,75.2,64,0,16.11,BR,1592510704
182,Viedma,-40.81,-63.0,58.35,38,99,13.38,AR,1592510933
183,Esperance,-33.87,121.9,46.4,93,40,11.41,AU,1592510743
184,Mnogovershinnyy,53.94,139.92,40.91,92,91,2.8,RU,1592510933
185,Touros,-5.2,-35.46,75.2,94,90,9.17,BR,1592510763
186,Faanui,-16.48,-151.75,79.9,79,100,3.94,PF,1592510855
187,Artigas,-30.4,-56.47,65.26,85,50,8.43,UY,1592510934
188,Thompson,55.74,-97.86,37.4,93,90,11.41,CA,1592510726
189,Kyshtovka,56.55,76.63,42.19,89,66,8.81,RU,1592510934
190,Kisangani,0.52,25.2,72.07,58,42,0.72,CD,1592510934
191,Pingliang,35.54,106.69,64.63,48,100,3.4,CN,1592510934
192,Lienz,46.83,12.77,58.73,68,100,3.2,AT,1592510935
193,Caucaia,-3.74,-38.65,84.2,66,40,14.99,BR,1592510935
194,Yar-Sale,66.83,70.83,38.07,75,55,10.54,RU,1592510787
195,Teya,60.38,92.63,54.03,71,90,3.42,RU,1592510935
196,Leningradskiy,69.38,178.42,44.58,60,83,5.41,RU,1592510720
197,Kasempa,-13.46,25.83,52.43,67,0,5.26,ZM,1592510936
198,West Bay,19.37,-81.42,87.8,74,20,8.05,KY,1592510936
199,Dingcheng,32.13,115.04,67.55,92,0,2.86,CN,1592510936
200,Magadan,59.57,150.8,50.7,85,20,2.13,RU,1592510936
201,Taltal,-25.4,-70.48,67.91,46,1,8.16,CL,1592510851
202,Khairāgarh,26.95,77.82,95.25,32,7,11.5,IN,1592510936
203,Lavrentiya,65.58,-171.0,50.47,61,0,4.41,RU,1592510761
204,Saint George,37.1,-113.58,87.01,12,1,9.17,US,1592510473
205,Aklavik,68.22,-135.01,59.0,67,75,5.82,CA,1592510739
206,La Peca,-5.61,-78.44,84.51,47,21,1.63,PE,1592510937
207,Jati,24.35,68.27,85.8,82,16,12.5,PK,1592510937
208,Synya,65.37,58.04,36.54,80,78,4.79,RU,1592510937
209,Bengkulu,-3.8,102.27,75.96,89,97,4.34,ID,1592510761
210,Port Hueneme,34.15,-119.2,73.0,72,90,8.05,US,1592510937
211,Taree,-31.9,152.47,54.0,100,90,3.11,AU,1592510938
212,Lyaskelya,61.77,31.02,60.03,93,23,5.14,RU,1592510938
213,Hanko,59.83,22.95,69.01,62,0,1.01,FI,1592510938
214,Uvinza,-5.1,30.39,65.19,69,61,2.84,TZ,1592510938
215,Rawson,-43.3,-65.1,59.88,41,93,22.91,AR,1592510732
216,Tchibanga,-2.85,11.03,70.12,94,94,2.8,GA,1592510938
217,Ishikari,43.24,141.35,57.99,96,100,3.33,JP,1592510938
218,Ayan,56.45,138.17,42.84,93,75,5.39,RU,1592510938
219,New Norfolk,-42.78,147.06,41.0,83,100,2.17,AU,1592510703
220,Mersing,2.43,103.84,75.2,100,92,2.24,MY,1592510939
221,Terekli-Mekteb,44.17,45.87,72.12,51,95,11.1,RU,1592510939
222,Olinda,-8.01,-34.86,78.8,83,75,13.87,BR,1592510939
223,Cap Malheureux,-19.98,57.61,69.01,78,98,10.0,MU,1592510770
224,Rocha,-34.48,-54.33,59.02,78,100,13.24,UY,1592510696
225,Gariāband,20.64,82.06,78.03,81,100,7.31,IN,1592510939
226,Mastic Beach,40.77,-72.85,75.99,73,75,6.93,US,1592510940
227,Tiksi,71.69,128.87,52.03,76,100,5.68,RU,1592510758
228,Kinkala,-4.36,14.76,75.2,83,31,1.95,CG,1592510940
229,Geraldton,-28.77,114.6,50.0,81,0,6.93,AU,1592510790
230,Shakhtinsk,49.71,72.59,53.6,93,75,17.9,KZ,1592510940
231,Kiryat Gat,31.61,34.76,75.0,77,5,6.13,IL,1592510940
232,Iquique,-20.22,-70.14,62.6,72,90,5.82,CL,1592510751
233,Golden,39.76,-105.22,71.01,28,40,8.05,US,1592510861
234,Mitsamiouli,-11.38,43.28,77.47,62,0,12.86,KM,1592510473
235,Ponta Delgada,37.73,-25.67,64.4,82,75,12.75,PT,1592510571
236,Ribeira Grande,38.52,-28.7,64.4,88,75,9.17,PT,1592510741
237,Thunder Bay,48.4,-89.32,78.01,53,75,13.87,CA,1592510649
238,San Andrés,12.58,-81.7,87.8,66,40,10.29,CO,1592510740
239,Valley City,46.92,-98.0,69.8,64,75,21.92,US,1592510941
240,San Patricio,19.22,-104.7,86.0,74,20,11.41,MX,1592510858
241,Mezen',65.85,44.24,55.94,66,100,5.64,RU,1592510942
242,Petropavlovsk-Kamchatskiy,53.05,158.65,41.0,100,90,4.47,RU,1592510942
243,Amahai,-3.33,128.92,81.0,98,51,1.99,ID,1592510763
244,Tocopilla,-22.09,-70.2,68.04,52,96,2.82,CL,1592510942
245,Yenagoa,4.92,6.26,74.84,93,99,3.83,NG,1592510942
246,Metro,-5.11,105.31,74.89,91,100,3.87,ID,1592510942
247,Tanabe,33.73,135.37,66.99,96,100,8.93,JP,1592510943
248,Aldergrove,49.06,-122.47,73.0,64,75,3.36,CA,1592510943
249,Kāzerūn,29.62,51.65,79.5,19,0,0.25,IR,1592510943
250,Lagunas,-5.23,-75.68,93.22,43,9,1.39,PE,1592510943
251,Diplo,24.47,69.58,86.85,75,13,16.33,PK,1592510943
252,Juneau,58.3,-134.42,53.6,87,90,4.7,US,1592510943
253,King City,36.21,-121.13,89.01,12,0,3.0,US,1592510654
254,Banjar,-8.19,114.97,80.6,94,20,20.8,ID,1592510944
255,Barrow,71.29,-156.79,46.4,65,1,8.05,US,1592510857
256,Camrose,53.02,-112.84,61.0,42,85,7.0,CA,1592510944
257,Safi,32.3,-9.24,68.27,77,0,19.84,MA,1592510944
258,Goundam,16.41,-3.67,101.71,19,12,10.13,ML,1592510944
259,Hongjiang,27.11,110.0,73.04,90,100,2.35,CN,1592510944
260,Lüderitz,-26.65,15.16,75.2,22,0,9.17,NA,1592510729
261,Shimoda,34.67,138.95,59.0,94,100,1.01,JP,1592510778
262,Waterloo,43.47,-80.52,84.2,39,1,9.17,CA,1592510945
263,Mackay,-21.15,149.2,64.4,88,40,10.29,AU,1592510945
264,Saint Anthony,45.02,-93.22,84.99,57,1,14.99,US,1592510556
265,Boundiali,9.52,-6.49,76.77,82,100,8.34,CI,1592510945
266,Manuk Mangkaw,4.8,119.85,85.03,69,90,4.36,PH,1592510758
267,Ixtapa,20.7,-105.2,87.8,45,5,10.29,MX,1592510751
268,Cabo San Lucas,22.89,-109.91,93.2,40,20,8.05,MX,1592510906
269,Sémbé,1.65,14.58,71.92,86,37,1.86,CG,1592510946
270,Kovernino,57.13,43.81,55.38,78,0,6.73,RU,1592510946
271,Inhambane,-23.86,35.38,67.3,81,7,9.91,MZ,1592510762
272,Springville,40.17,-111.61,66.99,31,75,6.93,US,1592510946
273,Shalakusha,62.22,40.25,60.08,69,100,6.93,RU,1592510947
274,Muromtsevo,56.37,75.24,41.94,92,50,6.98,RU,1592510947
275,Tomatlán,19.93,-105.25,92.41,36,0,11.18,MX,1592510769
276,Huarmey,-10.07,-78.15,68.88,67,2,9.69,PE,1592510773
277,Impfondo,1.64,18.07,74.71,63,31,1.81,CG,1592510948
278,Tahoua,14.89,5.27,91.4,43,20,11.41,NE,1592510948
279,Tongren,27.72,109.19,70.84,87,100,1.88,CN,1592510948
280,Abu Dhabi,24.47,54.37,89.01,74,0,6.93,AE,1592510742
281,Talnakh,69.49,88.4,42.8,75,84,13.42,RU,1592510704
282,Vardø,70.37,31.11,44.6,81,39,16.11,NO,1592510776
283,Taoudenni,22.68,-3.98,105.13,9,4,11.68,ML,1592510949
284,Daru,-9.08,143.21,78.17,83,100,16.49,PG,1592510752
285,Chapais,49.78,-74.85,91.4,22,1,12.75,CA,1592510949
286,Bambous Virieux,-20.34,57.76,71.6,68,75,10.29,MU,1592510752
287,Yulara,-25.24,130.99,42.8,45,0,8.05,AU,1592510683
288,Chimbote,-9.09,-78.58,68.11,70,9,10.98,PE,1592510776
289,Laas,46.62,10.7,51.8,81,40,9.17,IT,1592510774
290,Grand Gaube,-20.01,57.66,69.01,78,98,10.0,MU,1592510886
291,Iqaluit,63.75,-68.51,42.8,74,90,11.41,CA,1592510747
292,Airai,-8.93,125.41,58.3,100,84,4.12,TL,1592510728
293,Mahébourg,-20.41,57.7,71.6,68,75,10.29,MU,1592510768
294,Hasaki,35.73,140.83,64.0,100,75,3.36,JP,1592510505
295,Escanaba,45.75,-87.06,82.0,68,1,11.41,US,1592510951
296,Kabo,7.7,18.63,76.78,71,74,1.12,CF,1592510951
297,Cherepet',54.12,36.38,68.0,88,15,2.98,RU,1592510951
298,Idaho Falls,43.47,-112.03,62.01,47,40,4.7,US,1592510951
299,Kidal,18.44,1.41,96.93,9,0,12.41,ML,1592510951
300,Ginir,7.13,40.7,57.7,94,4,6.71,ET,1592510952
301,Vila,42.03,-8.16,62.01,67,2,9.17,PT,1592510740
302,Halifax,44.65,-63.57,82.99,36,0,1.01,CA,1592510859
303,Campeche,19.0,-90.5,81.77,92,55,5.68,MX,1592510952
304,Ursulo Galván,22.73,-98.3,96.01,53,42,3.0,MX,1592510952
305,Guerrero Negro,27.98,-114.06,72.81,50,2,15.64,MX,1592510770
306,Hambantota,6.12,81.12,81.46,83,71,15.88,LK,1592510781
307,Sørland,67.67,12.69,47.59,85,0,24.92,NO,1592510731
308,San Policarpo,12.18,125.51,78.24,83,88,6.73,PH,1592510759
309,Shunyi,40.12,116.65,77.0,82,100,4.47,CN,1592510953
310,Misratah,32.38,15.09,80.6,48,0,12.71,LY,1592510856
311,Creel,27.75,-107.63,73.71,30,69,12.26,MX,1592510954
312,Miguel Hidalgo,19.42,-99.2,80.6,21,40,16.11,MX,1592510954
313,Pecos,31.42,-103.49,102.2,8,1,13.87,US,1592510807
314,Mandalgovi,45.76,106.27,67.57,37,99,8.46,MN,1592510770
315,Rosetta,31.4,30.42,73.4,73,40,11.41,EG,1592510954
316,Lourdes,43.1,-0.05,62.6,72,90,4.7,FR,1592510954
317,Tombouctou,20.0,-3.0,101.93,11,96,6.42,ML,1592510955
318,Abu Samrah,35.3,37.18,67.68,71,0,19.44,SY,1592510955
319,Caravelas,-17.71,-39.25,72.5,89,3,8.32,BR,1592510955
320,Ca Mau,9.18,105.15,79.84,87,80,4.47,VN,1592510955
321,Nanortalik,60.14,-45.24,40.15,80,96,6.71,GL,1592510745
322,Andenes,69.31,16.12,44.6,87,100,9.17,NO,1592510955
323,Roald,62.58,6.13,66.99,72,0,21.92,NO,1592510955
324,Coruripe,-10.13,-36.18,76.62,80,4,13.04,BR,1592510956
325,Sárospatak,48.32,21.58,64.4,88,20,4.7,HU,1592510956
326,Eureka,40.8,-124.16,64.0,93,90,4.7,US,1592510568
327,Bathsheba,13.22,-59.52,87.8,70,40,19.46,BB,1592510443
328,Nālūt,30.33,10.85,87.12,13,0,10.69,LY,1592510956
329,Dombås,62.07,9.12,64.4,59,25,3.76,NO,1592510956
330,Terra Nova,-12.37,-40.67,72.86,71,32,4.63,BR,1592510957
331,Ust-Tsilma,65.44,52.15,46.98,58,11,4.94,RU,1592510776
332,Litovko,49.24,135.17,48.0,86,83,3.98,RU,1592510957
333,Campos Gerais,-21.23,-45.76,65.82,70,34,3.09,BR,1592510957
334,Biloela,-24.42,150.5,60.82,82,74,11.97,AU,1592510957
335,Arauco,-37.25,-73.32,53.6,93,90,12.75,CL,1592510958
336,Pyinmana,19.73,96.22,73.71,93,100,4.36,MM,1592510958
337,Klaksvík,62.23,-6.59,48.2,100,98,5.82,FO,1592510704
338,Port Blair,11.67,92.75,82.83,83,99,11.9,IN,1592510725
339,Ulladulla,-35.35,150.47,45.0,100,1,6.93,AU,1592510755
340,Cherëmukhovo,60.35,59.99,39.16,72,12,3.29,RU,1592510959
341,Mahuva,21.09,71.76,84.58,78,37,18.1,IN,1592510959
342,Tame,6.46,-71.73,72.32,95,100,5.41,CO,1592510959
343,Beyneu,45.32,55.2,84.13,22,0,7.61,KZ,1592510774
344,Lampitak,6.43,125.05,67.26,98,90,0.69,PH,1592510960
345,Roseburg,43.22,-123.34,73.99,52,1,4.7,US,1592510960
346,Irituia,-1.77,-47.44,79.2,95,89,3.87,BR,1592510960
347,Constantine,36.37,6.61,75.2,53,40,5.82,DZ,1592510777
348,Nabire,-3.37,135.48,76.96,88,98,2.82,ID,1592510906
349,Codajás,-3.84,-62.06,84.63,84,98,2.15,BR,1592510961
350,Dhārchula,29.85,80.53,70.29,68,60,2.35,IN,1592510961
351,Nuquí,5.71,-77.27,82.53,76,61,8.32,CO,1592510961
352,Dzilam González,21.28,-88.93,82.0,86,8,6.89,MX,1592510961
353,Al Bardīyah,31.76,25.09,71.78,73,0,17.72,LY,1592510962
354,Nadym,65.53,72.52,38.23,73,17,7.31,RU,1592510962
355,São Borja,-28.66,-56.0,72.5,82,96,5.08,BR,1592510962
356,Karachi,24.91,67.08,87.8,70,40,10.29,PK,1592510793
357,Bandar-e Lengeh,26.56,54.88,87.66,76,0,10.33,IR,1592510963
358,Māngrol,21.12,70.12,85.33,76,0,16.15,IN,1592510944
359,Saint-Philippe,-21.36,55.77,71.6,68,40,12.75,RE,1592510436
360,Porto-Novo,6.5,2.6,78.8,88,20,9.17,BJ,1592510963
361,Itoman,26.12,127.67,82.4,94,20,16.11,JP,1592510758
362,Skjervøy,70.03,20.97,45.39,80,100,10.51,NO,1592510739
363,Mergen,49.18,125.22,54.48,89,58,4.23,CN,1592510963
364,Genhe,50.78,121.52,49.57,93,40,2.19,CN,1592510964
365,Tura,25.52,90.22,74.16,99,100,4.09,IN,1592510964
366,Altay,47.87,88.12,56.1,50,55,5.55,CN,1592510964
367,Filingué,14.35,3.32,97.83,30,100,4.32,NE,1592510964
368,Bayanday,53.07,105.51,47.62,68,3,5.39,RU,1592510964
369,Cape Coast,5.11,-1.25,76.59,87,100,6.29,GH,1592510848
370,Fortuna,40.6,-124.16,64.4,77,20,12.75,US,1592510863
371,Bud,39.45,-86.18,84.99,39,1,5.82,US,1592510719
372,At-Bashi,41.17,75.81,46.85,60,89,2.08,KG,1592510965
373,Labuan,5.28,115.24,78.8,94,75,3.36,MY,1592510965
374,Kimbe,-5.55,150.14,75.67,87,3,4.88,PG,1592510965
375,Conceição do Araguaia,-8.26,-49.26,91.4,36,38,8.05,BR,1592510830
376,Yerbogachën,61.28,108.01,54.46,59,96,1.74,RU,1592510771
377,San Rafael del Sur,11.85,-86.44,88.65,59,0,11.54,NI,1592510966
378,Maceió,-9.67,-35.74,80.6,69,40,16.11,BR,1592510729
379,Dauphin,51.15,-100.05,51.8,76,90,8.05,CA,1592510966
380,Bolgatanga,10.79,-0.85,85.78,56,66,13.18,GH,1592510966
381,Mayo,38.89,-76.51,80.01,73,1,9.17,US,1592510966
382,Iskateley,67.68,53.15,45.25,58,100,5.93,RU,1592510967
383,Turbat,26.0,63.04,82.99,71,39,2.17,PK,1592510784
384,Sola,-13.88,167.55,79.47,77,21,19.3,VU,1592510795
385,Satun,6.83,100.0,78.8,100,20,3.04,TH,1592510967
386,Nantucket,41.28,-70.1,71.01,93,90,8.05,US,1592510682
387,Praia,14.92,-23.51,84.2,54,0,26.4,CV,1592510707
388,Korla,41.76,86.15,75.65,28,20,15.99,CN,1592510968
389,Kropotkin,45.44,40.58,71.01,71,50,9.42,RU,1592510968
390,Cayenne,4.93,-52.33,82.4,83,75,3.36,GF,1592510778
391,Äänekoski,62.69,25.82,64.0,72,0,5.82,FI,1592510968
392,Alofi,-19.06,-169.92,73.4,73,49,17.22,NU,1592510968
393,Yangi Marg`ilon,40.43,71.72,69.8,40,39,4.7,UZ,1592510518
394,Kozhva,65.11,57.05,38.7,74,51,5.93,RU,1592510968
395,Homer,59.64,-151.55,51.8,81,90,6.93,US,1592510969
396,Khovd,48.01,91.64,61.79,33,100,8.01,MN,1592510730
397,Bela,25.93,81.98,83.5,81,98,7.7,IN,1592510759
398,Karratha,-20.74,116.85,67.37,63,0,1.61,AU,1592510779
399,Nikol'sk,53.72,46.07,55.62,93,0,7.92,RU,1592510775
400,Carupano,10.67,-63.26,83.52,70,5,12.84,VE,1592510969
401,Dryden,49.78,-92.75,69.8,88,90,9.17,CA,1592510970
402,Oistins,13.07,-59.53,87.8,70,40,19.46,BB,1592510970
403,Balikpapan,-1.27,116.83,76.91,93,100,6.82,ID,1592510761
404,Puerto Escondido,15.85,-97.07,89.6,66,75,9.17,MX,1592510661
405,Burgeo,47.62,-57.62,61.93,75,71,17.09,CA,1592510970
406,Isangel,-19.55,169.27,66.2,100,20,12.37,VU,1592510745
407,Devils Lake,48.11,-98.87,62.6,67,90,19.46,US,1592510971
408,Teahupoo,-17.83,-149.27,78.8,88,40,5.82,PF,1592510971
409,Goya,-29.14,-59.26,69.21,57,11,5.59,AR,1592510971
410,Mehamn,71.04,27.85,42.8,87,75,24.16,NO,1592510751
411,Anadyr,64.75,177.48,66.2,55,50,2.24,RU,1592510882
412,Sorong,-0.88,131.25,78.93,85,89,6.11,ID,1592510728
413,Vuktyl,63.86,57.31,38.71,74,53,3.06,RU,1592510971
414,Maragogi,-9.01,-35.22,77.47,82,19,10.29,BR,1592510972
415,Yumen,40.28,97.2,69.75,21,25,4.27,CN,1592510730
416,Bandarbeyla,9.49,50.81,80.51,73,99,30.49,SO,1592510796
417,Waipawa,-41.41,175.52,52.0,93,100,25.28,NZ,1592510754
418,Glendive,47.11,-104.71,55.0,93,90,19.46,US,1592510779
419,Cherskiy,68.75,161.3,69.13,36,0,7.52,RU,1592510728
420,Tacuatí,-23.45,-56.58,83.98,52,74,3.69,PY,1592510972
421,Pemangkat,1.17,108.97,79.83,83,100,8.34,ID,1592510973
422,Znamenskoye,57.13,73.83,41.83,83,36,7.43,RU,1592510973
423,Kuressaare,58.25,22.5,68.0,68,0,13.87,EE,1592510973
424,Laguna,38.42,-121.42,93.0,14,1,8.05,US,1592510607
425,Koumra,8.91,17.55,78.24,66,68,3.24,TD,1592510973
426,Soc Trang,9.6,105.98,80.24,84,100,4.54,VN,1592510974
427,Bonnyville,54.27,-110.73,59.0,41,20,6.93,CA,1592510974
428,Port-Cartier,50.03,-66.87,90.0,39,75,5.82,CA,1592510763
429,Cabedelo,-6.98,-34.83,71.6,100,90,5.82,BR,1592510974
430,Thiès,14.83,-17.11,82.4,83,20,13.87,SN,1592510974
431,Popondetta,-8.75,148.25,70.29,90,0,2.75,PG,1592510974
432,Husavik,66.04,-17.34,57.2,54,75,4.7,IS,1592510777
433,Barth,54.36,12.72,64.0,72,75,8.05,DE,1592510975
434,Camacha,33.08,-16.33,69.8,83,20,9.17,PT,1592510893
435,Half Moon Bay,37.46,-122.43,91.0,55,1,10.29,US,1592510691
436,Ejea de los Caballeros,42.13,-1.14,71.6,40,1,13.87,ES,1592510975
437,Marinette,45.1,-87.63,84.2,48,40,11.41,US,1592510975
438,Luanda,-8.84,13.23,73.4,88,0,4.7,AO,1592510706
439,Umm Kaddadah,13.6,26.69,89.29,40,7,12.75,SD,1592510975
440,Purranque,-40.92,-73.17,53.6,81,11,10.29,CL,1592510975
441,Taywarah,33.35,64.42,54.14,40,0,5.82,AF,1592510976
442,Nador,35.17,-2.93,73.4,60,20,12.75,MA,1592510668
443,Henties Bay,-22.12,14.28,73.0,47,0,8.1,NA,1592510734
444,Gillette,44.29,-105.5,66.2,37,75,19.46,US,1592510976
445,Kabinda,-6.13,24.48,68.27,51,10,4.07,CD,1592510976
446,Pangnirtung,66.15,-65.71,39.2,80,75,18.34,CA,1592510732
447,Moerai,-22.43,-151.33,72.7,77,87,24.09,PF,1592510775
448,La Macarena,2.18,-73.78,82.99,80,39,1.77,CO,1592510977
449,Oranjemund,-28.55,16.43,69.12,26,0,7.16,NA,1592510790
450,Puerto Carreño,6.19,-67.49,82.4,78,40,5.82,CO,1592510977
451,Tazovsky,67.47,78.7,36.7,79,0,8.93,RU,1592510977
452,Ocho Rios,18.4,-77.1,87.01,76,42,13.0,JM,1592510868
453,Kavieng,-2.57,150.8,82.47,72,31,4.09,PG,1592510728
454,Nadvoitsy,63.87,34.32,60.35,96,100,11.56,RU,1592510978
455,Sechura,-5.56,-80.82,75.92,56,0,16.2,PE,1592510783
456,Kuandian,40.73,124.78,59.16,93,31,0.51,CN,1592510978
457,Alvarães,-3.22,-64.8,86.0,74,75,6.93,BR,1592510978
458,Kahului,20.89,-156.47,84.2,54,20,24.16,US,1592510658
459,Hamilton,39.18,-84.53,82.99,51,75,6.93,US,1592510704
460,Medina Estates,5.68,-0.16,80.6,83,75,12.75,GH,1592510979
461,Maple Creek,49.92,-109.48,53.85,57,85,12.01,CA,1592510979
462,Constitución,-35.33,-72.42,55.58,86,100,24.18,CL,1592510750
463,Saint-Michel-des-Saints,46.68,-73.92,89.01,3,0,1.01,CA,1592510979
464,Alakurtti,66.97,30.35,55.0,90,100,2.86,RU,1592510979
465,Lucea,18.45,-78.17,84.2,79,40,5.82,JM,1592510980
466,Canchungo,12.07,-16.03,89.6,74,75,6.93,GW,1592510980
467,Lorengau,-2.02,147.27,82.29,78,45,8.88,PG,1592510729
468,Kaura Namoda,12.59,6.58,78.93,74,100,7.74,NG,1592510980
469,Mossamedes,-15.2,12.15,71.35,71,0,2.93,AO,1592510750
470,Amapá,1.0,-52.0,78.4,95,100,2.82,BR,1592510773
471,Labuhan,-6.88,112.21,77.95,87,1,7.16,ID,1592510727
472,Poum,-20.23,164.02,74.39,75,100,14.07,NC,1592510529
473,Mwanza,-2.52,32.9,73.4,64,20,3.58,TZ,1592510981
474,Sioux Lookout,50.1,-91.92,69.8,88,90,6.93,CA,1592510893
475,São Geraldo do Araguaia,-6.4,-48.55,81.72,65,6,4.32,BR,1592510981
476,Margate,51.38,1.39,61.0,82,83,1.99,GB,1592510728
477,Namatanai,-3.67,152.43,79.7,82,3,5.97,PG,1592510822
478,Katsuura,35.13,140.3,68.0,93,75,5.82,JP,1592510744
479,Altamont,42.21,-121.74,73.0,26,1,12.75,US,1592510711
480,Nelson Bay,-32.72,152.15,50.0,100,90,4.7,AU,1592510982
481,Natal,-5.79,-35.21,75.2,88,75,10.29,BR,1592510760
482,Morant Bay,17.88,-76.41,87.8,66,20,27.51,JM,1592510956
483,Kalabo,-14.97,22.68,57.79,52,0,7.83,ZM,1592510982
484,Bimbo,4.26,18.42,80.6,83,54,2.44,CF,1592510982
485,Sibolga,1.74,98.78,75.94,77,61,4.05,ID,1592510869
486,Rostovka,55.38,71.89,41.95,90,0,8.28,RU,1592510982
487,Talcahuano,-36.72,-73.12,53.6,93,90,12.75,CL,1592510895
488,Vega de Alatorre,20.03,-96.63,86.47,64,24,8.81,MX,1592510983
489,Loa Janan,-0.58,117.09,74.41,98,100,1.61,ID,1592510983
490,Caçapava,-23.1,-45.71,75.2,47,20,8.05,BR,1592510983
491,Syamzha,60.02,41.06,55.63,78,56,5.64,RU,1592510984
492,Sisimiut,66.94,-53.67,41.85,67,45,14.2,GL,1592510851
493,Goderich,43.75,-81.72,73.0,71,0,8.46,CA,1592510958
494,Hailar,49.2,119.7,57.25,90,87,4.47,CN,1592510984
495,Yining,29.04,114.56,71.22,93,100,2.55,CN,1592510795
496,Vilyuysk,63.76,121.62,57.74,95,87,3.51,RU,1592510791
497,Formosa do Rio Preto,-11.05,-45.19,77.77,56,13,4.9,BR,1592510984
498,Tiznit Province,29.58,-9.5,63.25,74,0,7.43,MA,1592510900
499,Svetlaya,46.54,138.33,50.38,87,99,4.97,RU,1592510985
500,Chaihe,44.77,129.7,47.48,94,0,3.6,CN,1592510985
501,Key Largo,25.09,-80.45,84.0,1,100,5.75,US,1592510985
502,Sawtell,-30.38,153.1,55.4,93,75,3.36,AU,1592510986
503,Lompoc,34.64,-120.46,70.0,64,0,13.87,US,1592510765
504,Northam,51.03,-4.22,57.99,100,100,8.99,GB,1592510986
505,Usinsk,65.99,57.53,39.51,71,53,11.39,RU,1592510986
506,Monroe,43.15,-77.68,86.0,37,75,12.75,US,1592510986
507,Pirgos,35.12,25.72,75.99,44,0,5.01,GR,1592510986
508,Fougamou,-1.22,10.58,74.59,91,82,4.23,GA,1592510987
509,Lesosibirsk,58.24,92.48,57.78,75,100,5.08,RU,1592510987
510,San Miguel de Tucumán,-26.82,-65.22,71.6,28,33,5.82,AR,1592510769
511,Shache,38.42,77.24,71.73,31,4,16.64,CN,1592510987
512,Ordzhonīkīdze,52.44,61.74,50.54,70,0,8.23,KZ,1592510987
513,Melfi,41.0,15.65,71.6,73,5,5.82,IT,1592510987
514,Itarema,-2.92,-39.92,81.0,77,46,12.33,BR,1592510844
515,Borogontsy,62.67,131.17,62.53,51,80,1.86,RU,1592510988
516,Jacmel,18.23,-72.53,89.6,59,75,17.22,HT,1592510988
517,Kumul,42.8,93.45,81.52,23,58,17.54,CN,1592510758
518,Zhuhai,22.28,113.57,84.2,88,20,6.93,CN,1592510988
519,Amga,60.9,131.96,58.78,71,25,2.57,RU,1592510988
520,Erenhot,43.65,111.98,68.61,50,0,8.88,CN,1592510989
521,Fort Nelson,58.81,-122.7,69.8,60,40,3.36,CA,1592510729
522,Port Hedland,-20.32,118.57,60.8,100,90,4.7,AU,1592510867
523,Monrovia,6.3,-10.8,80.6,88,75,12.33,LR,1592510989
524,Juruti,-2.15,-56.09,87.71,63,79,4.32,BR,1592510989
525,Åmot,59.57,7.99,71.01,72,99,3.24,NO,1592510989
526,Nichinan,31.6,131.37,75.0,100,100,11.01,JP,1592510989
527,Beloha,-25.17,45.05,63.82,81,2,14.32,MG,1592510990
528,Vilhena,-12.74,-60.15,84.2,48,40,4.7,BR,1592510990
529,Haines Junction,60.75,-137.51,62.11,45,100,2.93,CA,1592510744
530,Acapulco de Juárez,16.86,-99.89,87.8,66,40,9.17,MX,1592510757
531,Kibala,9.11,18.35,79.07,65,46,2.68,TD,1592510990
532,Virginia Beach,36.85,-75.98,79.0,65,75,12.75,US,1592510742
533,Maticmatic,15.99,120.45,78.12,88,0,3.91,PH,1592510990
534,Antigonish,45.62,-62.0,86.0,37,1,11.41,CA,1592510991
535,Broome,42.25,-75.83,80.01,57,90,6.93,US,1592510740
536,Pangkalanbuun,-2.68,111.62,74.12,98,100,1.86,ID,1592510991
537,Waingapu,-9.66,120.26,75.22,84,3,11.18,ID,1592510836
538,Russell,32.35,-85.2,84.2,45,75,5.82,US,1592510991
539,Hammerfest,70.66,23.68,42.8,87,75,29.97,NO,1592510991
540,Maniitsoq,65.42,-52.9,40.39,81,0,16.11,GL,1592510895
541,Sundargarh,22.12,84.03,83.19,69,92,9.37,IN,1592510992
542,Chiredzi,-21.05,31.67,57.38,90,100,4.12,ZW,1592510992
543,Hohhot,40.81,111.65,60.8,63,0,6.71,CN,1592510992
544,Walvis Bay,-22.96,14.51,77.0,22,0,11.41,NA,1592510876
545,Carnarvon,-24.87,113.63,59.0,72,0,11.41,AU,1592510834
546,Bordighera,43.78,7.66,71.6,68,0,17.22,IT,1592510992
547,Kirakira,-10.45,161.92,79.79,84,27,9.57,SB,1592510992
548,Mathathane,-22.27,28.75,56.05,77,49,7.2,BW,1592510993
549,Sauda,59.65,6.35,63.0,88,100,1.01,NO,1592510844
550,Matagami,49.75,-77.63,89.6,25,1,10.29,CA,1592510993
551,São João da Barra,-21.64,-41.05,77.0,61,44,13.87,BR,1592510993
552,Hokitika,-42.72,170.97,49.68,61,100,9.4,NZ,1592510799
553,Xapuri,-10.65,-68.5,89.92,46,31,4.45,BR,1592510835
554,Algiers,36.75,3.04,71.6,88,40,10.29,DZ,1592510831
555,Berdigestyakh,62.1,126.7,59.27,64,38,3.18,RU,1592510932
556,Pundaguitan,6.37,126.17,83.01,73,96,3.74,PH,1592510994
557,Abancay,-13.63,-72.88,72.55,37,96,6.17,PE,1592510994
558,Somerset East,-32.72,25.59,53.8,42,0,7.05,ZA,1592510994
559,Grindavik,63.84,-22.43,50.0,81,75,24.16,IS,1592510737
560,Claveria,18.61,121.08,80.04,80,33,5.86,PH,1592510994
561,Berlevåg,70.86,29.09,46.4,81,75,24.16,NO,1592510736
562,Forsytheganj,52.63,29.73,66.76,88,92,7.9,BY,1592510995
563,Deputatsky,69.3,139.9,70.83,46,42,0.87,RU,1592510775
564,Lázaro Cárdenas,17.96,-102.2,86.56,60,36,11.92,MX,1592510948
565,Balkhash,46.84,74.98,68.9,47,45,10.04,KZ,1592510995
566,Broken Hill,-31.95,141.43,48.2,66,0,11.41,AU,1592510995
567,Jaguaribe,-5.89,-38.62,82.65,66,33,2.33,BR,1592510995
568,Perry,37.25,-83.2,73.4,100,75,2.48,US,1592510996
569,Ekhabi,53.51,142.97,39.94,97,100,8.86,RU,1592510996
570,Eugene,44.05,-123.09,75.0,60,40,10.29,US,1592510749
571,Luganville,-15.53,167.17,77.0,78,75,6.93,VU,1592510793
572,Solnechnyy,50.72,136.63,44.08,93,100,6.4,RU,1592510788
573,Salalah,17.02,54.09,84.2,89,20,4.7,OM,1592510905
574,Jiblah,13.92,44.15,72.84,47,99,3.31,YE,1592510997
575,Shihezi,44.3,86.03,71.4,39,83,12.82,CN,1592510997
576,La Ronge,55.1,-105.28,57.2,41,75,11.41,CA,1592510757
577,Mount Gambier,-37.83,140.77,51.8,71,82,17.22,AU,1592510750
578,Busca,44.52,7.47,66.2,88,40,8.05,IT,1592510997
579,Vila Velha,-20.33,-40.29,75.99,73,17,5.82,BR,1592510539
580,Samarai,-10.62,150.67,79.07,83,49,15.99,PG,1592510772
581,Fuquay-Varina,35.58,-78.8,80.01,60,37,7.36,US,1592510769
582,Manaure,11.78,-72.44,96.8,44,20,17.22,CO,1592510862
583,Okato,-39.2,173.88,46.99,84,8,7.0,NZ,1592510998
584,Korsakov,46.63,142.78,46.4,87,75,15.66,RU,1592510998
585,Katobu,-4.94,122.53,75.06,93,76,5.17,ID,1592510744
586,Pallasovka,50.05,46.88,72.39,67,0,9.44,RU,1592510998
